Workbook

Sheet 견적서
A1: 견 적 서
E2: 데이터얼라이언스 주식회사 대표이사 이 광 범 사업자등록번호 415-81-56947
A3: Q U O T A T I O N | E3: 부산광역시 남구 문현금융로40, 9층 3호 (문현동, 부산국제금융센터)
A4: 수 신 : JH솔루션 | H4: ="문서번호 : ES-"&MID(B6,4,10)&"-1" -> 문서번호 : ES-2026-08-14-1
A5: 참 조 :
A6: 1. 견 적 일 자 | B6: : 2026-08-14 | E6: 담당부서 | G6: AX사업본부
A7: 2. 사 업 명 | B7: : NVIDIA H100 GPU 클라우드 인프라 제공 — H100 × 2ea 구성 (2026.09.01 ~ 11.13) | E7: 영업대표 | G7: 김 도 현 본부장
A8: 3. 견 적 금 액 | B8: =": 一金 "&IFERROR(NUMBERSTRING(H17,1)&"원정 ","")&"(₩"&TEXT(H17,"#,##0")&") / VAT 포함" -> : 一金 이천육백육십팔만육천원정 (₩26,686,000) / VAT 포함 | E8: 전화번호 | G8: 010-4952-1219
A9: 4. 견적유효기간 | B9: =": "&TEXT(DATEVALUE(MID(B6,4,10))+원가마진!H4,"yyyy-mm-dd")&" (견적일로부터 "&원가마진!H4&"일)" -> : 2026-08-24 (견적일로부터 10일) | E9: E-Mail | G9: michaelkim@data-alliance.com
A10: 5. 결 제 조 건 | B10: : 계약 체결 시 선불 100% (전자세금계산서 발행 즉시)
A12: 구 분 | B12: 품 목 및 상 세 내 역 | C12: 장수 | D12: 단위 | E12: 수량 | F12: 시간환상(h) | G12: 단가(원/h) | H12: 금 액 (원) | I12: 비 고
A13: 견 적 내 역 — NVIDIA H100 × 2ea 구성 (1,752시간)
A14: GPU 인스턴스 | B14: GPU Model : H100(SXM5) x 2 vCPU core : 64 RAM :896 GB Storage(NVMe SSD) : 2000GB 약정형(1개월 단위) 요금제 | C14: 2 | D14: 장 | E14: =F14/F14 -> 1 | F14: 1752 | G14: 13850 | H14: =ROUND((F14*E14)*G14,0) -> 24265200
A15: 소 계 (VAT 별도) | H15: =SUM(H14:H14) -> 24265200
A16: 제 안 가 (VAT 별도) | H16: =ROUNDDOWN(H15,-4) -> 24260000
A17: 제 안 가 (VAT 포함) | H17: =ROUND(H16*1.1,0) -> 26686000 | I17: =CONCATENATE("부가세 ",TEXT(H16*0.1,"#,##0"),"원 포함") -> 부가세 2,426,000원 포함
A19: ※ 본 견적은 이용 기간 변경 시 금액이 변동됩니다
A20: ※ 상기 단가는 시간당 요금 기준이며, GPU 인스턴스는 약정형(1개월 단위) 요금제입니다
A21: ※ 스토리지·공인 IP는 표기 수량 기준 산정이며, 초과 사용 시 동일 단가로 별도 정산합니다
A22: ※ 견적 유효기간 경과 시 GPU 시장 가격 변동에 따라 재견적이 필요합니다
A23: ※ 계정 발급·온보딩 및 기본 기술지원(평일 업무시간) 포함 · 상기 금액은 VAT 별도 기준, 제안가(VAT 포함)는 부가세 10% 적용 금액입니다
A24: * Japan-region servers, one-day testing period will be provided

Sheet 원가마진
A1: 원가·마진 산출 (대외비 · 내부 검토용)
A4: 마진율(판매) | B4: 0.42858 | C4: 파트너제공 | D4: 0.4 | G4: 견적 유효일수 | H4: 10 | I4: 기준환율 | J4: 1450
A5: 이용 기간(일) | B5: 61 | C5: 이용 시간(h) | D5: 1752 | E5: 계약 시작 | F5: 46266 | G5: 계약 종료 | H5: 46339
A8: 항목 | B8: 원가 단가(원) | C8: 기준① | D8: 기준②(h) | E8: 원가 금액(원) | F8: 파트너수수료 포함 원가(원) | G8: 판매 단가(원) | H8: 판매 금액(원) | I8: 라인 마진(원) | J8: 비고
A9: 블록 스토리지 | B9: 0 | C9: 1 | D9: 1460 | E9: =ROUND(B9*C9*D9,0) -> 0 | F9: =ROUND(E9*(1-$D$4),0) -> 0 | G9: =ROUND(B9*(1-$D$4)*(1+$B$4),4) -> 0 | H9: =ROUND(C9*D9*G9,0) -> 0 | I9: =H9-F9 -> 0
A10: 공인 IP | B10: 0 | C10: 1 | D10: 1460 | E10: =ROUND(B10*C10*D10,0) -> 0 | F10: =ROUND(E10*(1-$D$4),0) -> 0 | G10: =ROUND(B10*(1-$D$4)*(1+$B$4),2) -> 0 | H10: =ROUND(C10*D10*G10,0) -> 0 | I10: =H10-F10 -> 0
A11: H100 SXM ×4 | B11: 6786 | C11: 1 | D11: =D5 -> 1752 | E11: =ROUND(B11*C11*D11,0) -> 11889072 | F11: =ROUND(E11*(1+$D$4),0) -> 16644701 | G11: =ROUND(B11*(1+$D$4)*(1+$B$4),2) -> 13572.08 | H11: =ROUND(C11*D11*G11,0) -> 23778284 | I11: =H11-F11 -> 7133583
A14: 구분 | B14: 원가 소계 | C14: ="파트너 제공 ("&TEXT($D$4,"0%")&")" -> 파트너 제공 (40%) | D14: 공급가액(원가) | E14: 부가세(절사) | F14: 총액(VAT포함) | G14: 매입 견적서 | H14: 검증
A15: H100 ×2 | B15: =E9+E10+E11 -> 11889072 | C15: =ROUNDDOWN(B15*$D$4,0) -> 4755628 | D15: =B15+C15 -> 16644700 | E15: =ROUNDDOWN(D15*0.1,0) -> 1664470 | F15: =D15+E15 -> 18309170 | G15: 12051936 | H15: =IF(F15=G15,"✓ 일치","✗ 확인") -> ✗ 확인 | J15: 외국이라 부가세?
A17: ■ 판매 요약 — 시트별 견적 결과
A18: 구분 (시트) | B18: 원가 공급가액 | C18: 판매 소계(VAT별도) | D18: 제안가(VAT별도) | E18: 마진액(제안가-원가) | F18: 실효 마진율 | G18: 제안가(VAT포함)
A19: 견적서_H100x2 | B19: =D15 -> 16644700 | C19: =견적서!H15 -> 24265200 | D19: =견적서!H16 -> 24260000 | E19: =D19-B19 -> 7615300 | F19: =IF(B19=0,"",D19/B19-1) -> 0.45752101 | G19: =견적서!H17 -> 26686000

Sheet 쉬운표
C3: 금액 | D3: 비고 | E3: 금액 | F3: 2026.8.24일 환율 | G3: 비고
B4: 매출 | C4: =견적서!H16 -> 24260000 | D4: VAT별도 | E4: =견적서!H16 -> 24260000
B5: 매입(달러) | C5: 8199.36 | D5: Konsttech, USD | E5: 8199.36
B6: 매입(원화) | C6: =C5*D6 -> 11889072 | D6: 1450 | E6: =E5*F6 -> 11325776 | F6: 1381.3
B7: 인센티브 | C7: 4755628 | D7: 강 | E7: 4750000
B8: 마진 | C8: =C4-C6-C7 -> 7615300 | D8: -> | E8: =E4-E6-E7 -> 8184224 | G8: 환율이 떨어져서 이익이 더 높음
